price,available,min_fiat,max_fiat,orders,completion,positive,merchant_age_days,pro,nick,proven
134.6,1000.0,42900.0,43031.0,4,100.0,100.0,0.0,False,tiero,False
130.28,4000.0,7000.0,20000.0,4,100.0,0.0,0.0,False,Kabasele254001,False
130.23,26000.0,12300.0,26000.0,2,66.7,100.0,0.0,False,fougoumba1,False
130.0,100.0,3000.0,200000.0,0,0.0,0.0,0.0,False,Axchange01,False
129.5,50.0,3000.0,200000.0,0,0.0,100.0,0.0,False,BreezyCf,False
129.3,151.52,1000.0,20000.0,0,0.0,100.0,0.0,False,hamdexyu,False
129.28,6547.0,40000.0,200000.0,25,100.0,100.0,0.0,False,Ericpurity,True
129.26,4918.47,3000.0,200000.0,17,85.0,100.0,0.0,False,Derules,False
128.86,50.0,1000.0,5000.0,3,42.9,100.0,0.0,False,User-5248f,False
128.86,1200.0,40000.0,150000.0,44,91.7,100.0,0.0,False,Dhachi01,True
128.8,1074.0,130000.0,138100.0,585,98.4,98.901098,0.0,False,NGABO-EXCHANGE,True
128.76,1924.95,2000.0,20000.0,302,94.39999999999999,100.0,0.0,False,Mour_Coins,True
128.74,3500.0,200000.0,418242.0,449,99.4,100.0,0.0,False,HerveChabel,True
128.71,11320.0,50000.0,2732999.0,4515,99.5,99.378049,0.0,False,ＢｅｎｎｙＢｏｓｓ_ＯＴＣ,True
128.7,16491.43,200000.0,270000.0,6,85.8,98.637602,0.0,False,Reub,False
128.7,7000.0,100000.0,2733000.0,9817,99.8,99.08652599999999,0.0,False,DREETWIST ENTERPRISES,True
128.68,7780.0,300000.0,1000000.0,182,97.39999999999999,99.07278600000001,0.0,False,dnjau,True
128.68,7800.0,250000.0,1000000.0,87,72.5,98.168498,0.0,False,INEZAInvestement,False
128.67,4000.0,40000.0,2700000.0,2666,99.8,99.392097,0.0,False,Trading_Titan01,True
128.65,9125.21,3000.0,53000.0,206,98.6,100.0,0.0,False,koko_telo,True
128.64,9611.6,50000.0,2733000.0,2132,99.8,99.899446,0.0,False,Rai_IvyRogers,True
128.64,1534.12,50000.0,2733000.0,3465,99.9,99.805707,0.0,False,RAI_BRE,True
128.63,182666.92,10000.0,500000.0,8760,99.9,99.92783899999999,0.0,False,Trixie_Vault,True
128.63,328.23,1000.0,200000.0,77,98.8,100.0,0.0,False,MOM_GLOBAL,True
128.61,34561.36,20000.0,900000.0,8091,99.9,99.695961,0.0,False,SCHERTENLEIB,True
128.6,1792.23,1000.0,260000.0,70,88.7,100.0,0.0,False,Danco_Otero,False
128.6,47812.94,1000.0,66900.0,28,93.4,100.0,0.0,False,TopTraderx,True
128.6,838.08,1000.0,270000.0,529,99.7,100.0,0.0,False,ogonji20,True
128.59,5109.3,23000.0,250000.0,9126,100.0,99.86340799999999,0.0,False,DESCENDANTSai,True
128.56,123307.59,40000.0,2000000.0,1582,99.8,99.81628,0.0,False,G e n e r a l - D,True
128.55,238.09,1000.0,270000.0,625,99.4,100.0,0.0,False,KENYAN_PAY_01,True
128.55,5585.53,20000.0,250000.0,6435,100.0,99.95870599999999,0.0,False,Robacoin,True
128.53,2518.93,10000.0,500000.0,4206,100.0,99.971098,0.0,False,Firstofficer25,True
128.52,1700.0,200000.0,210000.0,137,98.6,98.620689,0.0,False,Litrex_francky,True
128.51,5634.88,7000.0,400000.0,5735,99.6,99.929799,0.0,False,___MashTrades,True
128.51,164661.63,10000.0,250000.0,5071,100.0,99.91779600000001,0.0,False,Ariwa_Capital,True
128.5,100.0,5000.0,20000.0,1,100.0,100.0,0.0,False,Ibraah254,False
128.5,6000.0,30000.0,2700000.0,2666,99.8,99.392097,0.0,False,Trading_Titan01,True
128.49,73626.61,30000.0,1500000.0,1373,99.8,99.854919,0.0,False,Mars,True
128.48,199913.41,35000.0,2733000.0,687,99.3,99.725409,0.0,False,GlobalBlockTraders,True
128.48,358.16,5000.0,2733000.0,2569,99.8,99.92166,0.0,False,Omarey25Flow,True
128.48,1120.2,5000.0,2733000.0,470,98.2,97.039345,0.0,False,Coinmama,True
128.47,99031.14,46000.0,1000000.0,1444,98.0,99.760095,0.0,False,Rehoboth-__,True
128.46,146.38,1000.0,270000.0,352,99.5,100.0,0.0,False,Brightpay_coins,True
128.46,137903.58,10000.0,350000.0,4584,99.7,99.614576,0.0,False,AROGO2,True
128.45,800.0,3000.0,200000.0,0,0.0,87.5,0.0,False,Genjocrypto,False
128.43,7180.85,50000.0,2733000.0,3465,99.9,99.805612,0.0,False,RAI_BRE,True
128.43,1162.59,2200.0,2733000.0,3222,98.2,99.018126,0.0,False,TrustableKE,True
128.42,9727.56,2001.0,60000.0,372,90.8,100.0,0.0,False,DigTrader,True
128.4,20000.0,100000.0,270000.0,3,100.0,100.0,0.0,False,P2P-d469b0zt,False
128.4,165.0,3000.0,200000.0,2,100.0,0.0,0.0,False,P2P-6a3d92ng,False
128.4,9081.6,2000.0,2733000.0,3973,99.5,99.13721100000001,0.0,False,BITCOINMASTER_254,True
128.38,5000.0,40000.0,2050000.0,505,100.0,100.0,0.0,False,weze15,True
128.38,1536.39,2000.0,2700000.0,3812,99.6,99.348832,0.0,False,Jaden,True
128.35,48071.85,10000.0,250000.0,18,94.8,100.0,0.0,False,P2P-bdc24amt,False
128.35,4107.67,10000.0,1000000.0,1511,100.0,99.819318,0.0,False,TopMan_,True
128.33,971.0,5000.0,2733000.0,3254,100.0,99.691629,0.0,False,MoH_coins,True
128.33,10733.47,2000.0,2733000.0,1815,99.0,99.910952,0.0,False,Chamgei,True
128.32,2416.1,2000.0,270000.0,5,100.0,100.0,0.0,False,Crypto-Hound,False
128.32,3076.05,2100.0,20000.0,10281,100.0,99.93678299999999,0.0,False,MREY10,True
128.3,809.43,5000.0,70000.0,6,85.8,99.227799,0.0,False,Garyaqan ,False
128.3,37326.56,3000.0,270000.0,62,100.0,98.947536,0.0,False,Liquidity_1,True
128.3,97797.07,2000.0,500000.0,7328,100.0,100.0,0.0,False,Milan_Merchant,True
128.29,35867.77,1000.0,200000.0,390,92.9,100.0,0.0,False,Victory-Deals,True
128.26,260.0,3000.0,200000.0,10,100.0,100.0,0.0,False,AuthurG,False
128.26,500.0,19500.0,20000.0,18,90.0,100.0,0.0,False,brownmyriam,False
128.25,12720.44,20000.0,999999.0,2939,99.4,99.868247,0.0,False,CoinsMogul,True
128.25,248.18,3000.0,2733000.0,1480,99.9,99.671052,0.0,False,Jian--Quiang,True
128.25,5598.85,10000.0,250000.0,6435,100.0,99.95870599999999,0.0,False,Robacoin,True
128.22,133.0,1000.0,2733000.0,4131,100.0,99.697496,0.0,False,Mel  C  ,True
128.21,160754.25,3000.0,400000.0,3940,100.0,99.738055,0.0,False,Senior Merchant,True
128.21,78513.55,20000.0,250000.0,389,100.0,100.0,0.0,False,Turbo_Flow,True
128.21,6660.14,1000.0,40000.0,8574,99.7,99.956101,0.0,False,Cashmeer,True
128.2,27584.87,90000.0,300000.0,193,95.6,99.140779,0.0,False,3Style,True
128.2,13441.98,4000.0,250000.0,2894,98.0,99.684873,0.0,False,ＡｊｕｏｇａＩＶ,True
128.19,3300.27,1000.0,20000.0,10281,100.0,99.93678299999999,0.0,False,MREY10,True
128.16,159137.55,10000.0,350000.0,4584,99.7,99.61417,0.0,False,AROGO2,True
128.15,10.0,1000.0,200000.0,0,0.0,0.0,0.0,False,mapesa207,False
128.15,400.0,1000.0,200000.0,2,100.0,100.0,0.0,False,Nampedi,False
128.15,178721.66,1000.0,500000.0,11829,100.0,100.0,0.0,False,T - BAG,True
128.15,5587.67,20000.0,733000.0,4201,99.6,99.865783,0.0,False,Biallah,True
128.15,2959.0,2000.0,1000000.0,4533,99.7,99.858931,0.0,False,RYLAN_G,True
128.14,40.0,5000.0,30000.0,0,0.0,100.0,0.0,False,Lynn_T,False
128.12,50.0,1000.0,6300.0,8,100.0,100.0,0.0,False,Eligible_Trader,False
128.11,2189.43,1299.0,270000.0,401,100.0,100.0,0.0,False,HUNJAR,True
128.1,200.0,1000.0,25700.0,0,0.0,100.0,0.0,False,HAkeemy_Dollar,False
128.1,2325.21,1000.0,270000.0,9,81.89999999999999,100.0,0.0,False,quiz9,False
128.1,135374.96,1000.0,500000.0,7328,100.0,100.0,0.0,False,Milan_Merchant,True
128.1,2157.13,1000.0,2733000.0,1815,99.0,100.0,0.0,False,Chamgei,True
128.09,1000.0,1800.0,80000.0,13,86.7,99.30069900000001,0.0,False,mini_vet176,False
128.07,4977.19,1000.0,250000.0,24,92.4,100.0,0.0,False,BennyBeast,True
128.06,50000.0,3000.0,270000.0,6,100.0,100.0,0.0,False,Bulkpoint,False
128.05,62.11,1010.0,200000.0,158,98.8,98.978288,0.0,False,Deeisa,True
128.02,60.0,1000.0,10000.0,22,95.7,100.0,0.0,False,ArizaCoins,True
128.01,37557.14,250000.0,1300000.0,2129,99.6,99.148491,0.0,False,TokenTiger-,True
128.01,1635.37,3500.0,2733000.0,3222,98.2,99.018126,0.0,False,TrustableKE,True
128.0,23.0,1000.0,200000.0,0,0.0,100.0,0.0,False,User-f464b,False
128.0,1000.0,2000.0,130000.0,4,100.0,100.0,0.0,False,User-d608e,False
128.0,800.0,3000.0,200000.0,2,100.0,100.0,0.0,False,Glen5113,False
128.0,10000.0,3000.0,200000.0,1,100.0,100.0,0.0,False,MetaPay_Ke,False
